{
  "val": {
    "home": {
      "MAE": 1.0602373274925507,
      "RMSE": 1.339968429525098,
      "R2": 0.03466914401937782
    },
    "away": {
      "MAE": 0.9359125093703992,
      "RMSE": 1.2333220326642842,
      "R2": 0.0659629381549044
    }
  },
  "test": {
    "home": {
      "MAE": 1.0129366269629252,
      "RMSE": 1.2789067870788136,
      "R2": -0.004192313243202905
    },
    "away": {
      "MAE": 0.8802809047071557,
      "RMSE": 1.1512603309819536,
      "R2": 0.06145640204186642
    }
  }
}